Company Name,Website URL,Contact Number,Location/Address,Industry/Category,Company Description,Email Address
Arvind Packers And Movers,http://yellowpages.in/b/arvind-packers-and-movers-yousufguda-hyderabad/751762183   ,+91 9948271742,Yousufguda Hyderabad - 500045,"Packing and Moving Services, Loading and Unloading Services, House Shifting Services, Transportation",NULL,NULL
Leo International Packers and Movers, http://yellowpages.in/b/leo-international-packers-and-movers-secunderabad-hyderabad/900447582   ,+91 9642675555,Secunderabad Hyderabad - 500003,"Packing and Moving Services, Loading and Unloading Services, House Shifting Services, Transportation",NULL,sales@leointernationalpacker.com
Om Sai Packers And Movers, http://yellowpages.in/b/om-sai-packers-and-movers-kondapur-hyderabad/526603044   ,+91 9246187255,Kondapur Hyderabad - 500081,Packers And Movers,NULL,omsaipackersandmovers@gmail.com
Anitha Packers & Movers, http://yellowpages.in/b/anitha-packers-and-movers-yousufguda-hyderabad/822594492   ,+91 9618714331,Yousufguda Hyderabad - 500045,"Packing and Moving Services, Loading and Unloading Services, House Shifting Services, Transportation",NULL,NULL
Agarwal Worldwide Packing And Shipping Co., http://yellowpages.in/b/agarwal-worldwide-packing-and-shipping-co-secunderabad-hyderabad/591274933   ,+91 9032046001,Secunderabad Hyderabad - 500003,NULL,NULL,hyderabad@agarwalpackship.com
Rupana Packers and Movers, http://yellowpages.in/b/rupana-packers-and-movers-kondapur-hyderabad/220392267   ,+91 8125300006,Kondapur Hyderabad - 500081,"Loading and Unloading Services, Packing & Unpacking Services, Goods Transport Services, Local Shifting Services, Car Transportation Services, Corporate Office Shifting Services, Warehousing Services Storage",NULL,info@rupanapackersmovers.com
Every-1 Packers and Movers, http://yellowpages.in/b/every1-packers-and-movers-kphb-colony-hyderabad/920329757   ,+91 9704358895,KPHB Colony Hyderabad - 500085,"Packing and Moving Services, Loading and Unloading Services, House Shifting Services, Transportation",NULL,every1packersandmovers@gmail.com
SK Packers and Movers, http://yellowpages.in/b/sk-packers-and-movers-saroor-nagar-hyderabad/602683016   ,+91 9948822826,Saroor Nagar Hyderabad - 500035,"House Hold Movers, Office Relocation, Commercial Movers",NULL,skpackers7@gmail.com
Priyanka Packers and Movers, http://yellowpages.in/b/priyanka-packers-and-movers-jeedimetla-hyderabad/841604105   ,+91 9640882571,Jeedimetla Hyderabad - 500055,NULL,NULL,NULL
SVR Packers and Movers, http://yellowpages.in/b/svr-packers-and-movers-nagole-hyderabad/336263847   ,+91 9959887694,Nagole Hyderabad - 500068,"Packing and Moving Services, Loading and Unloading Services, House Shifting Services, Transportation",NULL,svrmoversandpackers@gmail.com
Sahara Movers & Packers Domestic & International, http://yellowpages.in/b/sahara-movers-and-packers-domestic-and-international-madhapur-hyderabad/217940362   ,+91 7036054000,Madhapur Hyderabad - 500081,NULL,NULL,info@saharapackersindia.com
Deepak Packers & Movers, http://yellowpages.in/b/deepak-packers-and-movers-jubilee-hills-hyderabad/541328042   ,+91 7569835305,Jubilee Hills Hyderabad - 500033,"Packers And Movers Across India, Transporters, Export Packing, All Types Of Shifting",NULL,dpm_ppp@yahoo.co.in
Vinit Packers & Movers, http://yellowpages.in/b/vinit-packers-and-movers-old-bowenpally-hyderabad/889316062   ,+91 9052226002,Old Bowenpally Hyderabad - 500011,"Packers and movers, Packers and movers household goods, Packers and movers within India, Packers and movers outside city",NULL,vinitpackershyd1@gmail.com
Ramesh Packers and Movers, http://yellowpages.in/b/ramesh-packers-and-movers-yousufguda-hyderabad/801041321   ,+91 8008718607,Yousufguda Hyderabad - 500045,NULL,NULL,NULL
Ashirwad Packers and Movers, http://yellowpages.in/b/ashirwad-packers-and-movers-miyapur-hyderabad/977852235   ,+91 9966603857,Miyapur Hyderabad - 500049,NULL,NULL,ashirvadpacker777@gmail.com
CLC Packers & Logistics, http://yellowpages.in/b/clc-packers-and-logistics-old-bowenpally-hyderabad/171803697   ,+91 9133997770,Old Bowenpally Hyderabad - 500011,"Transporters all Over India, Within City, Within States",NULL,clclogistics03@gmail.com
Vijaydurga Packers and Movers, http://yellowpages.in/b/vijaydurga-packers-and-movers-kothapet-hyderabad/617322102   ,+91 9951499356,Kothapet Hyderabad - 500035,NULL,NULL,NULL
World Star Packers & Movers, http://yellowpages.in/b/world-star-packers-and-movers-kukatpally-hyderabad/703412400   ,+91 8019605001,Kukatpally Hyderabad - 500072,NULL,NULL,worldstarpackerhyd@gmail.com
Ayyappa Packers and Movers, http://yellowpages.in/b/ayyappa-packers-and-movers-khairatabad-hyderabad/956987237   ,+91 9290115560,Khairatabad Hyderabad - 500004,NULL,NULL,naga631980@gmail.com
Prakash Packers And Movers, http://yellowpages.in/b/prakash-packers-and-movers-yousufguda-hyderabad/817671580   ,+91 9948272171,Yousufguda Hyderabad - 500016,NULL,NULL,NULL
A1 Packers and Movers, http://yellowpages.in/b/a1-packers-and-movers-moosapet-hyderabad/871436479   ,+91 9849039088,Moosapet Hyderabad - 500018,NULL,NULL,NULL
Top Packers and Movers, http://yellowpages.in/b/top-packers-and-movers-hafeezpet-hyderabad/617388351   ,+91 9849998823,Hafeezpet Hyderabad - 500049,NULL,NULL,toppackersandmoversindia@gmail.com
Supreme India Packers and Movers, http://yellowpages.in/b/supreme-india-packers-and-movers-hafeezpet-hyderabad/992152305   ,+91 9618577711,Hafeezpet Hyderabad - 500049,NULL,NULL,supremeindia.rk@gmail.com
Ashoka Packers, http://yellowpages.in/b/ashoka-packers-ranigunj-hyderabad/572155785   ,+91 9000809809,Ranigunj Hyderabad - 500003,NULL,NULL,info@ashokapackers.com
Raju Packers and Movers, http://yellowpages.in/b/raju-packers-and-movers-sanath-nagar-hyderabad/396780134   ,+91 9000788407,Sanath Nagar Hyderabad - 500018,NULL,NULL,NULL
Sunanda Veg Caterers, http://yellowpages.in/b/sunanda-veg-caterers-safilguda-hyderabad/101525829   ,+91 9849019955,Safilguda Hyderabad - 500047,NULL,NULL,NULL
Chawla Essence Mart, http://yellowpages.in/b/chawla-essence-mart-secunderabad-hyderabad/573081513   ,+91 40 27812061,Secunderabad Hyderabad - 500003,"Cake Shop, Bakery Shop",NULL,NULL
S.S. Flour Mill, http://yellowpages.in/b/ss-flour-mill-toli-chowki-hyderabad/830766677   ,+91 9703673286,Toli Chowki Hyderabad - 500008,Food Flour Mill Services,NULL,NULL
Kikaboni Organic Store, http://yellowpages.in/b/kikaboni-organic-store-manikonda-hyderabad/667478928   ,+91 9949825000,Manikonda Hyderabad - 500089,"Organic Store, Groceries Items",NULL,NULL
Sampoorna Super Market, http://yellowpages.in/b/sampoorna-super-market-shaikpet-hyderabad/874433979   ,+91 9705975777,Shaikpet Hyderabad - 500008,NULL,NULL,NULL
Balaji Grand Bazar, http://yellowpages.in/b/balaji-grand-bazar-kondapur-hyderabad/593456806   ,+91 9581365395,Kondapur Hyderabad - 500081,"Super Market, Groceries Market",NULL,sunilgb@yahoo.in
More Super Market, http://yellowpages.in/b/more-super-market-barkatpura-hyderabad/258449111   ,+91 9912226108,Barkatpura Hyderabad - 500027,Grocery Products,NULL,NULL
M Hospitality, http://yellowpages.in/b/m-hospitality-ameerpet-hyderabad/992820987   ,+91 9346252525,Ameerpet Hyderabad - 500016,NULL,NULL,mhospitality@gmail.com
Naheed Fruits & Juice Centre, http://yellowpages.in/b/naheed-fruitsjuice-centre-mehdipatnam-hyderabad/826199561   ,+91 9959062786,Mehdipatnam Hyderabad - 500028,"Fruit Dealer,All Kind Of Fruit Sales And Home & Delivery",NULL,NULL
Balaji Grand Bazar, http://yellowpages.in/b/balaji-grand-bazar-banjara-hills-hyderabad/496025036   ,+91 040 23390136,Banjara Hills Hyderabad - 500034,"Super Market, Grocery",NULL,NULL
Makarand Sweets, http://yellowpages.in/b/makarand-sweets-kondapur-hyderabad/740686558   ,+91 9885300009,Kondapur Hyderabad - 500081,Sweets and Snacks,NULL,info@makarandsweets.com
Sansar Kirana & General Store, http://yellowpages.in/b/sansar-kirana-general-store-toli-chowki-hyderabad/363360792   ,+91 9703271822,Toli Chowki Hyderabad - 500008,"Kirana & Genaral Store, Home Needs",NULL,NULL
Spoorthi Super Market, http://yellowpages.in/b/spoorthi-super-market-kukatpally-hyderabad/677042337   ,+91 9704096600,Kukatpally Hyderabad - 500072,"Super Market, Daily Needs",NULL,spoorthisupermarket@gmail.com
Udayashree Megharaj Sweets, http://yellowpages.in/b/udayashree-megharaj-sweet-shop-narayanguda-hyderabad/315572672   ,+91 9849533129,Narayanguda Hyderabad - 500029,"Home Sweets, Namkeens",NULL,megharajpathrikars@gmail.com
Vijay Milk House, http://yellowpages.in/b/vijay-milk-house-attapur-hyderabad/302029518   ,+91 9490232741,Attapur Hyderabad - 500048,"Milk,Curd,Ghee,Butter,Functon Order,Marriage Parties",NULL,NULL
Value Mart Super Market, http://yellowpages.in/b/value-mart-super-market-kondapur-hyderabad/338417179   ,+91 040 65656033,Kondapur Hyderabad - 500081,NULL,NULL,info@valuemart.co.in
Anusha Super Market, http://yellowpages.in/b/anusha-super-market-gudi-malkapur-hyderabad/402067031   ,+91 9866256181,Gudi Malkapur Hyderabad - 500028,NULL,NULL,NULL
Almonds For You (Almond House), http://yellowpages.in/b/almonds-for-youalmond-house-himayat-nagar-hyderabad/662356554   ,+91 9000134442,Himayat Nagar Hyderabad - 500029,"Sweets, Ice-Creams",NULL,almondhouse@yahoo.in
Amrutha Swagruha Foods, http://yellowpages.in/b/amrutha-swagruha-foods-kukatpally-hyderabad/327482404   ,+91 40 23061476,Kukatpally Hyderabad - 500072,Sweets & Snacks,NULL,NULL
Almonds For You (Almond House), http://yellowpages.in/b/almonds-for-youalmond-house-banjara-hills-hyderabad/730757669   ,+91 9885104999,Banjara Hills Hyderabad - 500034,"Ice-Creams, Dry Fruits, Sweets Cakes, Namkeens",NULL,info@almondhouse.com
Kirana Ghar, http://yellowpages.in/b/kirana-ghar-punjagutta-hyderabad/493290284   ,+91 9030788504,Punjagutta Hyderabad - 500082,"Kirana Store, General Store",NULL,NULL
More Super Market, http://yellowpages.in/b/more-super-market-shaikpet-hyderabad/235944075   ,+91 9912226240,Shaikpet Hyderabad - 500008,More Super Market,NULL,NULL
Mexican Fried Chicken, http://yellowpages.in/b/mexican-fried-chicken-kukatpally-hyderabad/789577083   ,+91 9885372723,Kukatpally Hyderabad - 500072,NULL,NULL,mexicanfriedchickenkphb@gmail.com
Venkat Sai Dry Fruits & Spices, http://yellowpages.in/b/venkat-sai-dry-fruits-spices-kukatpally-hyderabad/163946638   ,+91 9441070572,Kukatpally Hyderabad - 500072,"Dry Fruits & Spices Dealers, Herbal & Ayurvedic Produscts,Sales",NULL,tirumalashettysrinivas834@gmail.com
Srinidhi Dry Fruits & Spices, http://yellowpages.in/b/srinidhi-dry-fruits-spices-kukatpally-hyderabad/345756835 ,+91 9030906039,Kukatpally Hyderabad - 500072,"Dry Fruits, Spices Dealers, Herbal & Ayurvedic",NULL,vegesanasi@gmail.com
